station_id,name,lat,lon,capacity,is_charging_station
7000,Fort York  Blvd / Capreol Ct,43.639832,-79.395954,47,False
7001,Wellesley Station Green P,43.66496415990742,-79.38355031526893,23,True
7002,St. George St / Bloor St W,43.66713121831853,-79.3995550638237,19,False
7003,Madison Ave / Bloor St W,43.66701830465472,-79.4027958687172,15,False
7005,King St W / York St,43.6480008,-79.383177,23,False
7006,Bay St / College St (East Side),43.660439,-79.385525,31,False
7007,College St / Huron St,43.658148,-79.398167,19,False
7008,Wellesley St W / Queen's Park Cres,43.663376,-79.392125,19,False
7010,King St W / Spadina Ave,43.64514249449372,-79.39510358283808,19,False
7013,Scott St / The Esplanade,43.64659663170443,-79.37530913867988,19,False
7014,Sherbourne St / Carlton St (Allan Gardens),43.663102,-79.373181,17,False
7015,King St W / Bay St (West Side),43.64852,-79.380576,39,False
7016,Bay St / Queens Quay W (Ferry Terminal),43.640978,-79.376785,35,False
7017,Widmer St / Adelaide St W - SMART,43.647547634759206,-79.39155200496292,12,False
7018,Bremner Blvd / Rees St,43.641529,-79.386741,48,False
7019,Temperance St Station,43.650945,-79.379498,55,False
7020,Phoebe St / Spadina Ave,43.650033,-79.396555,33,False
7021,Bay St / Albert St,43.653264,-79.382458,63,False
7023,College St / Borden St,43.6571,-79.4056,11,False
7024,Dundonald St / Church St,43.66663,-79.38148,38,False
7025,Ted Rogers Way / Bloor St E,43.671293,-79.380471,27,False
7026,Bay St / St. Joseph St,43.665527,-79.387499,15,False
7027,Beverley St / Dundas St W,43.652823,-79.393388,31,False
7028,Gould St / Mutual St,43.6582,-79.3768,31,False
7029,Bay St / Bloor St W (East Side),43.66943,-79.38915,15,False
7030,Bay St / Wellesley St W,43.664088,-79.387095,35,False
7031,Jarvis St / Isabella St,43.668991,-79.379385,39,False
7032,Augusta Ave / Dundas St W,43.652473,-79.401456,15,False
7033,Union Station,43.645609,-79.380386,43,False
7034,Church St / Bloor St E,43.671389,-79.382919,15,False
7035,Queen St W / Ossington Ave,43.643975,-79.419576,43,False
7036,Trinity St /Front St E,43.651318,-79.36023,19,False
7037,Bathurst St / Dundas St W,43.65220761646196,-79.4055689857289,41,False
7038,Dundas St W / Yonge St,43.656094,-79.381484,31,False
7039,Simcoe St / Michael Sweet Ave,43.652327224103,-79.3882538196087,19,False
7040,Euclid Ave / Bloor St W,43.664467,-79.414783,19,False
7041,Edward St / Yonge St,43.656729,-79.382736,23,False
7042,Sherbourne St / Wellesley St E,43.6673,-79.374,31,False
7043,Queens Quay W / Lower Simcoe St,43.63951,-79.383717,19,False
7044,Church St / Alexander St,43.663722,-79.380288,35,False
7045,Bond St / Queen St E,43.653236,-79.376716,37,False
7046,Niagara St / Richmond St W,43.64534,-79.409597,42,False
7047,University Ave / Gerrard St W (East Side),43.657763,-79.389165,25,False
7048,Front St W / Yonge St (Hockey Hall of Fame),43.646322912152456,-79.37746467249836,47,False
7049,Portland St / Queen St W,43.6476,-79.4015,15,False
7050,Richmond St E / Jarvis St Green P,43.652634,-79.374222,16,True
7052,Wellington St W / Bay St,43.647259,-79.379878,55,False
7053,Metro Hall Plaza,43.645859,-79.38783,27,False
7054,Navy Wharf Crt / Bremner Blvd,43.640722,-79.391051,11,False
7055,Jarvis St / Carlton St,43.66207,-79.37617,15,False
7057,Simcoe St / Wellington St W South,43.6458569,-79.3853654,27,False
7058,Huron St / Harbord St,43.6637,-79.400053,39,False
7059,Front St W / Blue Jays Way,43.643473,-79.390477,15,False
7061,Dalton Rd / Bloor St W,43.6662942,-79.4066433,15,False
7063,Queen's Park / Bloor St W,43.668456,-79.393899,23,False
7064,51 Parliament St,43.652169,-79.362841,19,False
7065,Dundas St E / Parliament St,43.659575,-79.365769,15,False
7066,Willcocks St / St. George St,43.662085,-79.397735,15,False
7067,Yonge St / Lake Shore Blvd E,43.643795,-79.375413,27,False
7069,Queen St W / Spadina Ave,43.649147,-79.395504,11,False
7070,25 York St – Union Station South,43.643667,-79.380414,11,False
7071,161 Bleecker St (South of Wellesley),43.666233,-79.373327,23,False
7073,Spadina Ave / Fort York Blvd,43.640114,-79.393249,23,False
7074,King St E / Church St,43.650204164723476,-79.37335141779099,55,False
7075,Queens Quay W / Dan Leckie Way,43.636533,-79.395854,27,True
7076,York St / Queens Quay W,43.640132,-79.380464,57,False
7077,College Park South,43.65945682499,-79.38236466864778,19,False
7078,College St / Major St,43.6576,-79.4032,15,False
7079,McGill St / Church St,43.660694,-79.379052,19,False
7084,High Park - Grenadier Cafe,43.645599,-79.4657123,11,False
7085,Danforth Ave / Westlake Ave,43.687323,-79.304848,15,False
7086,High Park - West Rd,43.651922,-79.465693,23,False
7087,Danforth Ave / Aldridge Ave,43.684758,-79.316767,11,False
7088,Danforth Ave / Coxwell Ave,43.683378,-79.322961,15,False
7089,Church St  / Wood St,43.662712,-79.379903,27,False
7090,Danforth Ave / Lamb Ave,43.681991,-79.329455,19,False
7091,Donlands Subway Station,43.681114,-79.3373885,15,False
7093,Danforth Ave / Gough Ave,43.678401,-79.346289,24,False
7094,14 Arundel Ave,43.6784834,-79.3513564,25,True
7095,Danforth Ave / Ellerbeck St,43.677076,-79.35667,14,False
7096,Lower Don River Trail and Taylor Creek Trail,43.7027268,-79.33368089999999,19,False
7097,Riverdale Park North (Broadview Ave),43.671172,-79.354704,15,False
7098,Riverdale Park South (Broadview Ave),43.667819,-79.35347,15,False
7099,Mill St / Cherry St,43.65141432968699,-79.35680471562972,39,False
7100,Dundas St E / Regent Park Blvd,43.660207,-79.361275,27,False
7101,Lower Sherbourne St / The Esplanade,43.648655,-79.367061,27,False
7102,Nelson St / Duncan St,43.648711,-79.389728,26,False
7103,Jimmie Simpson Park (Queen St E),43.6605603,-79.3437663,33,False
7104,King St E / River St,43.656784782853144,-79.35627385059036,15,False
7105,Queen St E / Sackville St,43.6561111,-79.36138888888888,15,False
7106,Mill St / Tannery Rd,43.652151817184,-79.35458218097422,23,False
7107,Cherry St / Distillery Ln,43.650279,-79.356832,15,False
7109,Seaton St / Dundas St E - SMART,43.658777,-79.369596,32,False
7110,Queen St E / Berkeley St,43.6552778,-79.36583333333333,14,False
7111,King St W / Douro St,43.640885,-79.416379,11,False
7112,Liberty St / Fraser Ave Green P,43.637981,-79.424146,19,False
7113,Parliament St / Aberdeen Ave,43.665278,-79.368333,15,False
7114,Carlton St / Parliament St,43.664524,-79.36793,27,False
7115,Howard St / Sherbourne St,43.6712581,-79.376367,31,False
7116,Bloor St E / Parliament St,43.671946102001826,-79.37245115337294,19,False
7117,Castle Frank Subway Station,43.67418030086386,-79.36795839711793,19,False
7118,King St W / Bay St (East Side),43.648575,-79.380042,19,False
7119,Sumach St / Carlton St (Riverdale Farm),43.665867,-79.362506,15,False
7120,Gerrard St E / River St,43.663993,-79.358534,11,False
7121,Jarvis St / Dundas St E,43.657266,-79.374756,27,False
7122,Niagara St / Tecumseth St,43.641389,-79.404444,15,False
7123,420 Wellington St W,43.643834,-79.396649,15,False
7124,Dundas St E / Broadview Ave,43.662365,-79.351104,19,False
7126,Yonge St / Yorkville Ave,43.671944,-79.387778,17,False
7127,Bay St / Scollard St,43.672152,-79.39018,15,False
7128,Yonge St / Aylmer Ave,43.675492,-79.388858,23,False
7129,Davenport Rd / Avenue Rd,43.674991,-79.396273,11,False
7130,Davenport Rd / Bedford Rd,43.674446,-79.398331,15,False
7131,Taddle Creek Park,43.66986,-79.398443,15,False
7132,Kendal Ave / Spadina Rd,43.670318,-79.405181,9,False
7133,Summerhill Subway Station,43.68201189061227,-79.39130701852416,11,False
7135,Hanna Ave / Liberty St,43.638608601636705,-79.41965437361068,35,False
7137,Davenport Rd / Bathurst St,43.676667,-79.416111,15,False
7138,Davenport Rd / Christie St,43.675278,-79.423889,27,False
7139,Glen Edyth Dr / Davenport Rd,43.677778,-79.405556,15,False
7140,Macpherson Ave / Spadina Rd,43.675791,-79.40698,15,False
7141,Bridgman Ave / Kendal Ave,43.675556,-79.410278,15,False
7142,Bridgman Ave / Bathurst St,43.674444,-79.414722,15,False
7143,Kendal Ave / Bernard Ave,43.671513,-79.408317,15,False
7144,Palmerston Ave / Vermont Ave,43.671389,-79.416389,15,False
7146,Christie St / Benson Ave (Wychwood Barns),43.68,-79.42500000000001,19,False
7147,King St W / Fraser Ave,43.6394444,-79.42527777777778,15,False
7148,King St W / Joe Shuster Way,43.639444,-79.423611,23,False
7149,Yarmouth Rd / Christie St,43.67,-79.42083333333333,11,False
7150,Dufferin St / Sylvan Av (Dufferin Grove Park),43.6555556,-79.43361111111112,19,False
7151,Essex St / Christie St,43.6686111,-79.42027777777778,18,False
7152,Ossington Ave / Bloor St W,43.66171041271702,-79.42559160724657,11,False
7153,Bloor St W / Christie St,43.6638889,-79.41888888888889,18,False
7154,Bathurst Subway Station,43.6666667,-79.41166666666668,23,False
7155,Bathurst St / Lennox St,43.663808,-79.410491,19,False
7156,Salem Ave / Bloor St W,43.6608333,-79.43166666666667,15,False
7157,Dufferin St / Bloor St W,43.66083333333333,-79.43583333333333,23,False
7158,King St W / Stafford St,43.6422222,-79.41111111111111,15,False
7160,King St W / Tecumseth St,43.64333333333333,-79.40555555555557,19,False
7161,Beverley St / College St,43.6575,-79.39527777777778,23,False
7162,Hayter St / La Plante Ave,43.6591666666667,-79.3855555555556,23,False
7164,Gould St / Yonge St (TMU),43.657424,-79.381019,23,False
7168,Queens Quay / Yonge St,43.641646,-79.375308,47,False
7169,Front St W / Bay St (North Side),43.646162,-79.378912,11,False
7170,Spadina Ave / Willcocks St,43.6616667,-79.40138888888889,15,False
7171,Ontario Place Blvd / Lake Shore Blvd W,43.6322445,-79.4108105,27,False
7172,Strachan Ave / Princes' Blvd,43.635,-79.4088888888889,19,False
7173,Cariboo Ave / Railpath Trail,43.66666667,-79.45833333333334,19,False
7174,Bloor St W / Dundas St W,43.65659717619002,-79.4515374491519,15,False
7175,HTO Park (Queens Quay W),43.63796,-79.387502,27,False
7176,Bathurst St / Fort York Blvd,43.639179,-79.399595,19,False
7178,Dundas St W / Edna Ave,43.657192,-79.452559,15,False
7180,Lansdowne Subway Station,43.65922918158098,-79.44320901022282,23,False
7181,Lansdowne Ave / Whytock Ave,43.6538888888889,-79.4413888888889,15,False
7182,Sterling Rd / Dundas St W,43.6508333333333,-79.4430555555556,19,False
7183,St Clarens Ave / College St,43.651238,-79.43868,15,False
7184,Ossington Ave / College St,43.6544915,-79.422634,11,False
7188,Atlantic Ave / Liberty St,43.637695491830144,-79.42023184193503,35,False
7189,Augusta Ave / Denison Sq,43.653766,-79.4016759,15,False
7190,St. George St / Hoskin Ave,43.6637403,-79.39806449999999,15,False
7191,Central Tech  (Harbord St),43.661975,-79.407896,10,False
7192,Harbord St / Clinton St,43.660414,-79.415646,15,False
7193,Dufferin St / Queen St W,43.64309687937765,-79.42875613770637,15,False
7195,Ulster St / Bathurst St,43.66,-79.4088888888889,10,False
7196,Roxton Rd / Harbord St,43.65905,-79.422988,10,False
7197,Queen St W / Dovercourt Rd,43.6438602,-79.4227573,11,False
7198,Queen St W / Cowan Ave,43.64089724173822,-79.43283582518329,19,False
7199,College St / Markham St,43.6563888888889,-79.4091666666667,19,False
7202,York St / Queen St W (City Hall),43.65160619179464,-79.38404693334348,27,False
7203,Bathurst St/Queens Quay(Billy Bishop Airport),43.635492,-79.398253,34,False
7204,College St / Crawford St,43.655,-79.418889,19,False
7205,Rusholme Park Cres / College St,43.65277778,-79.42972222,15,False
7206,Claremont St / Dundas St W,43.651281,-79.411717,13,False
7207,Dundas St W / Crawford St,43.649722,-79.416944,47,False
7208,80 Clinton St,43.656296,-79.414663,15,False
7209,Ossington Ave / Harrison St,43.651111111111106,-79.4213888888889,19,False
7210,Mary McCormick Rec Centre (Sheridan Ave),43.6475,-79.43305555555555,15,False
7216,Ordnance Park,43.6409957,-79.40966630000001,21,False
7217,Soho St / Queen St W,43.649649714291584,-79.39372141352654,15,False
7220,Lake Shore Blvd W / Ellis Ave,43.635932,-79.465083,19,False
7221,High Park Subway Station,43.6543604,-79.4655296,11,False
7222,Sunnyside - Gus Ryder Pool,43.637894,-79.454823,27,False
7223,Parkside Dr / Bloor St W - SMART,43.654501,-79.460053,12,False
7224,Bloor St W / High Park Ave (High Park),43.6535269,-79.4650569,23,False
7225,Lake Shore Blvd W / Windermere Ave,43.634896,-79.467763,19,False
7226,Lake Shore Blvd W / The Boulevard Club,43.636731,-79.444966,19,False
7227,Martin Goodman Trail (Marilyn Bell Park),43.6314,-79.4304,31,False
7228,King St W / Wilson Park Blvd,43.6372958,-79.4423237,19,False
7229,2201 Dundas St W ,43.6534268,-79.4512787,11,True
7230,Garden Ave / Roncesvalles Ave,43.643769,-79.447915,19,False
7231,Wright Ave / Sorauren Ave - SMART,43.646677,-79.442741,18,False
7232,Queen St W  /  Fuller Ave - SMART,43.640255,-79.439223,16,False
7233,King St W / Cowan Ave - SMART,43.637922,-79.431734,16,False
7234,Roncesvalles Ave / Marmaduke St,43.650492,-79.450842,19,False
7235,Bay St / College St (West Side) - SMART,43.660087,-79.385655,16,False
7236,Thompson St / Broadview Ave - SMART,43.659471,-79.350325,24,False
7237,Ward St / Wallace Ave,43.662857,-79.44618,15,False
7238,Sorauren Ave / Geoffrey St - SMART,43.649172,-79.4445087,16,False
7239,Bloor St W / Manning Ave - SMART,43.663912,-79.416124,42,False
7240,Bloor St W / Shaw St - SMART,43.662403,-79.423098,34,False
7242,Lake Shore Blvd W / Ontario Dr,43.630254,-79.420317,35,False
7244,Dufferin Gate - SMART,43.633473,-79.425679,16,False
7246,Yonge St / Bloor St,43.669969,-79.386532,19,False
7247,Howard Park Ave / Dundas St W - SMART,43.6521,-79.4486,12,False
7248,Baldwin St / Spadina Ave - SMART,43.654905,-79.398448,20,False
7249,144 Harrison St,43.651145,-79.423742,51,True
7250,Ursula Franklin St / St. George St - SMART,43.660296,-79.397107,16,False
7252,Robert St / Bloor St W - SMART,43.665846,-79.404998,18,False
7253,John St  / Mercer St - SMART,43.6461,-79.3895,12,False
7256,Vanauley St / Queen St W - SMART,43.648437,-79.39838,12,False
7257,Dundas St W / St. Patrick St,43.6545174,-79.3895315,19,False
7258,Queen St E / Rushbrooke Ave,43.6626628,-79.3323698,15,False
7259,Lower Spadina Ave / Lake Shore Blvd W,43.638497,-79.39192,19,False
7260,Spadina Ave / Adelaide St W,43.6472019,-79.3953394,15,False
7261,Queens Quay E / Lower Sherbourne St,43.645215,-79.364898,27,False
7262,Wychwood Ave / Benson Ave - SMART,43.6809164,-79.4229684,16,False
7264,Bloor St E / Huntley St - SMART,43.671535,-79.379173,18,False
7265,Wallace Ave / Symington Ave - SMART,43.661324,-79.449534,12,False
7266,Victoria Park Subway Station - SMART,43.695101521988285,-79.28970303201599,12,False
7267,Dundas St E / Pembroke St ,43.658295,-79.372346,15,False
7268,111 Bond St (North of Dundas St E)  - SMART,43.656927,-79.378497,16,False
7269,Toronto Eaton Centre (Yonge St) - SMART,43.655431,-79.380653,20,False
7270,Church St / Dundas St E - SMART,43.657024,-79.377257,20,False
7271,Yonge St / Alexander St - SMART,43.662862,-79.383572,18,False
7272,Yonge St / Dundonald St ,43.66596010067729,-79.38461360978698,27,False
7273,Bay St / Charles St W - SMART,43.668153,-79.38891,20,False
7276,Bloor St W / Balmuto St,43.66981064282057,-79.38801106873031,11,False
7277,Chorley Park - SMART,43.6856,-79.3718,20,False
7278,Mallon Ave / Jones Ave -SMART,43.66587,-79.33443,15,False
7279,Rosehill Ave / Avoca Ave - SMART,43.687999,-79.38906,16,False
7281,Charles St W / Balmuto St - SMART,43.668427,-79.38725,24,False
7282,Adelaide St W / Bay St,43.650152,-79.379856,23,False
7283,Front St W / Bay St (South Side),43.64595,-79.378761,19,False
7284,University Ave / King St W - SMART,43.6477785,-79.3847928,24,False
7285,Spadina Ave / Harbord St - SMART,43.6629228,-79.4018451,36,False
7286,Gerrard St E / Broadview Ave  - SMART,43.665656,-79.352055,18,False
7287,Queen St E / Pape Ave - SMART,43.661673,-79.337789,15,False
7288,Humber Bay Shores Park West,43.6224434,-79.480284,30,False
7289,Humber Bay Shores Park East,43.6308933,-79.4722622,23,False
7291,190 Queens Quay E,43.64542671204133,-79.36520838800558,15,False
7292,Granby St / Church St - SMART,43.6614605,-79.37894570000002,24,False
7296,Westmoreland Ave / Fernbank Ave,43.665327,-79.43235,19,False
7297,Havelock St / Dufferin Park,43.657343,-79.43112,19,False
7298,Bathurst St / Adelaide St W,43.645324,-79.40345,25,False
7299,Mill St / Parliament St,43.650256,-79.36163,15,False
7301,Primrose Ave / Davenport Rd,43.67142,-79.445947,15,False
7302,Winona Dr / Davenport Rd,43.674923,-79.430465,11,False
7303,Queen St E / Woodward Ave,43.665269,-79.319796,43,False
7309,Queen St E / Rhodes Ave,43.666224,-79.317693,23,False
7311,Sherbourne St / Isabella St,43.669576,-79.375961,19,False
7312,Amelia St / Sumach St,43.66852,-79.363525,11,False
7313,Emdaabiimok Ave / Lake Shore Blvd E,43.662771,-79.315223,29,False
7314,Queen St. E / Eastern Ave,43.667208,-79.312315,15,False
7315,Queen St E / Hammersmith Ave,43.671349,-79.29451,11,False
7316,Queen St. E / Spruce Hill Rd.,43.672571,-79.289,15,False
7317,Hubbard Blvd / Balsam Av,43.669328,-79.288949,39,False
7318,Hubbard Blvd / Glen Manor Dr,43.668633,-79.291162,27,False
7319,Lake Shore Blvd E / Knox Ave,43.660206,-79.3244,11,False
7320,Front St W / University Ave (1),43.6451635,-79.3831757,19,False
7321,Front St W / University Ave (2),43.6452972,-79.3827914,19,False
7322,East Liberty St / Western Battery Rd,43.6392777,-79.4115736,19,False
7323,457 King St W,43.6452091,-79.3960744,19,False
7324,King St W / Charlotte St,43.645572,-79.39399,23,False
7326,Davenport Rd / Lansdowne Ave,43.671526,-79.44874,19,False
7329,Crawford St / Queen St W,43.645665,-79.415345,19,False
7331,Coxwell Ave / Plains Rd,43.69595,-79.328535,19,False
7332,200 Bloor St E,43.671561,-79.38117,23,False
7333,King St E / Victoria St,43.6495789,-79.3762096,19,False
7334,Simcoe St / Wellington St W (North),43.646460210460226,-79.38557721964341,15,False
7335,Bay St / Bloor St W (West Side),43.669244,-79.3894,19,False
7336,Queen St E / Alton Av,43.663912,-79.327987,19,False
7337,Gerrard Square Mall (1010 Gerrard St E),43.668553,-79.338673,23,False
7338,Logan Ave / Bain Ave,43.6720273,-79.3470557,19,False
7339,Carlaw Ave / Strathcona Ave,43.6753188,-79.3462789,15,False
7340,Blake St / Boultbee Ave,43.672453,-79.338259,15,False
7341,Eastern Ave / Winnifred Ave,43.6592088,-79.3348396,15,False
7342,Morse St / Eastern Ave,43.657991,-79.340075,11,False
7343,Alton Ave / Dundas St E (Greenwood Park),43.66745,-79.329408,43,False
7344,Cherry Beach,43.637764,-79.345359,49,False
7345,Cherry Beach Sports Fields (55 Unwin Ave),43.6408346,-79.3429074,30,False
7346,Logan Ave / Gerrard St E,43.6672144,-79.3452697,23,False
7347,Regal Rd / Dufferin St,43.673939,-79.441159,15,False
7348,Pape Ave / Gamble Ave,43.690237,-79.350119,19,False
7349,Gamble Ave / Broadview Ave,43.689211,-79.35438,23,False
7350,Broadview Ave / Westwood Ave,43.6848652,-79.356602,23,False
7351,Pretoria Ave / Broadview Ave,43.6783213,-79.35822,19,False
7352,Cosburn Ave / Donlands Ave,43.690537,-79.341307,19,False
7353,Fulton Ave / Pape Ave,43.68395,-79.347046,19,False
7354,Tommy Thompson Park (Leslie Street Spit),43.65222662225532,-79.32295440954084,31,False
7355,Beltline Trail / Chaplin Cres,43.704461,-79.423122,11,False
7356,King St E / Berkeley St,43.651885,-79.3649,31,False
7357,Lake Shore Blvd E / Leslie St,43.659195,-79.329196,19,False
7358,Galbraith Rd / King's College Rd,43.6603874468082,-79.39537831814152,17,False
7359,Rosedale Park (20 Scholfield Ave),43.682645,-79.377557,23,False
7360,Concord Ave / Dewson St,43.656945,-79.424911,17,False
7361,Hocken Ave / Vaughan Rd,43.6817346,-79.4184725,19,False
7362,St. Clair Ave W / Bathurst St,43.683296,-79.418734,19,False
7363,Wells Hill Ave / St. Clair Ave W,43.683351,-79.41562,15,False
7364,Queen St E / Nursewood Rd,43.673831,-79.281455,35,False
7365,Kewbeach Ave / Kenilworth Ave,43.666325,-79.3014,61,False
7366,Fort York Blvd / Bathurst St - SMART,43.639052,-79.399792,20,False
7367,Alma Ave / Gladstone Ave SMART,43.6448617,-79.42822,16,False
7368,Lisgar St / Dundas St W - SMART,43.6493472,-79.42668,8,False
7371,Eglinton Ave W / Henning Ave SMART,43.7063473,-79.40161,20,False
7373,George St / King St E,43.6509552,-79.3707,15,False
7374,Frederick St / The Esplanade,43.6487245,-79.36839,19,False
7375,Front St E / Scott St,43.6476616,-79.37549,11,False
7376,Frobisher Ave / Lascelles Blvd,43.696708,-79.40045,19,False
7377,Balliol St / Yonge St - SMART,43.6978701,-79.39419,36,False
7378,Yonge St / Davisville Ave,43.6975969,-79.39654,15,False
7379,Lawton Blvd / Yonge St,43.6910667,-79.39535,15,False
7380,Erskine Ave / Yonge St SMART,43.7112153,-79.39894,16,False
7381,Yonge St / Orchard View Blvd,43.7083577,-79.39886200000001,35,False
7382,Simcoe St / Adelaide St W,43.6481303,-79.38632,27,False
7383,12 Harbour St,43.6425636,-79.3762,15,False
7384,Cumberland St / Bay St -  SMART,43.6704537,-79.39014,9,False
7385,20 Charles St E,43.6691099,-79.38551,33,True
7386,D'Arcy St / McCaul St - SMART,43.655227,-79.39201,15,False
7387,Mortimer Ave / Carlaw Ave SMART,43.685167,-79.34962,12,False
7388,Broadview Subway Station,43.6772,-79.35858,15,False
7389,College Park - Gerrard Entrance,43.658938,-79.383518,25,False
7391,Yonge St / Dundas Sq,43.655766,-79.3802,31,False
7395,Dentonia Park,43.694341,-79.291416,23,False
7398,York St / Lake Shore Blvd W,43.641952,-79.380723,19,False
7399,Lower Jarvis St / Queens Quay E,43.64422,-79.36927,19,False
7400,Polson Pier,43.641675,-79.354006,23,False
7403,Lascelles Blvd / Eglinton Ave W,43.70547,-79.40355,19,False
7404,Roehampton Ave / Mount Pleasant Rd,43.70942,-79.39139,19,False
7407,University Ave / Queen St W,43.65052424212547,-79.38672702579497,23,False
7409,Isabella St / Church St,43.66834,-79.38235,27,False
7410,Howard St / Rose Ave,43.671278,-79.372127,19,False
7411,Little Norway Park,43.635023,-79.399505,23,False
7412,King St W / Crawford St,43.6417852,-79.4131148,23,False
7414,Keele St / Annette St,43.66402,-79.46418,15,False
7415,Keele St / Vine Ave,43.66686,-79.46526,23,False
7416,Spadina Ave / Blue Jays Way,43.641705,-79.393295,31,False
7417,King St W / Jordan St,43.648928,-79.378623,11,False
7418,College Park - Yonge St Entrance,43.65988,-79.38279,25,False
7419,Bloor St W / Huron St,43.667023,-79.401805,27,False
7420,Barton Ave / Howland Ave - SMART,43.66842,-79.410585,27,False
7422,Tyndall Ave / King St W - SMART,43.638426,-79.429142,16,False
7424,Merton St / Mount Pleasant Rd,43.697588,-79.388998,11,False
7425,The Queensway at South Kingsway,43.63632,-79.47307,23,False
7427,Northern Dancer Blvd / Lake Shore Blvd E,43.663162,-79.309765,41,False
7428,Woodbine Ave / Lake Shore Blvd E,43.665645,-79.304711,43,False
7429,Woodbine Subway Station,43.686442,-79.313404,15,False
7430,Marilyn Bell Park Tennis Court,43.633537,-79.437461,27,False
7431,Gerrard St E / Leslie St,43.669813,-79.3335,25,False
7432,Frederick St / King St E,43.651118,-79.369411,47,False
7433,Dundas St E / Boulton Ave - SMART,43.663148,-79.347938,15,False
7434,91 Via Italia,43.67665014253828,-79.44503029755326,39,True
7435,Rushton Rd / St. Clair Ave W,43.68114,-79.4277,10,False
7437,Concord Ave / Bloor St W,43.66189,-79.42679,15,False
7438,Gothic Ave / Quebec Ave,43.65389,-79.4675,19,False
7441,Pacific Ave / Glenlake Ave,43.65716,-79.46478,22,False
7442,Lonsdale Rd / Spadina Rd,43.688526,-79.412903,14,False
7444,Clendenan Ave / Rowland St - SMART,43.66073,-79.47149,20,False
7445,Eastwood Rd / Coxwell Ave,43.673118,-79.318651,19,False
7446,Orchard Park,43.66908,-79.3149,25,False
7447,Trent Ave / Danforth Ave,43.689293,-79.295895,23,False
7448,Goodwood Park Crt / Dentonia Park,43.694826,-79.295208,19,False
7449,Cosburn Ave / Cedarvale Ave,43.697139,-79.31469,15,False
7450,Carlaw Ave / Danforth Ave,43.678248142816344,-79.34709655456162,15,False
7451,Western Battery Rd / Pirandello St,43.640075,-79.414156,29,False
7452,Bleecker St / St James Ave,43.669232,-79.374495,23,False
7453,Jarvis St / Maitland Pl,43.6647688,-79.3772602,17,False
7454,Pottery Rd / Lower Don River Trail,43.688148,-79.362101,15,False
7455,E.T. Seton Park (Eglinton Ave E / Leslie St),43.715951,-79.351246,27,False
7457,Queen's Park Cres W / Hoskin Ave,43.665221,-79.394009,23,False
7458,Church St / Lombard St,43.651678,-79.375233,17,False
7459,St. Clair Ave W / Winona Dr,43.680466,-79.432522,11,False
7460,High Park Outdoor Pool,43.650154,-79.464934,27,False
7461,High Park Amphitheatre,43.646251,-79.46472,22,False
7462,Richmond St E / Yonge St,43.651838,-79.378743,17,False
7465,Russell Hill Rd / St. Clair Ave W,43.685569,-79.408019,19,False
7466,Glendonwynne Rd / Bloor St W,43.65182,-79.47421,19,False
7467,Lower Simcoe St / Bremner Blvd,43.64283,-79.38409,15,False
7468,Front St W / Simcoe St,43.644480035433915,-79.38698781349183,27,False
7469,York St / Wellington St W (1) ,43.646734,-79.38301,22,False
7471,2300 Lakeshore Blvd W,43.61868,-79.48674,15,True
7473,Adelaide St W / Strachan Ave,43.643253094827294,-79.41230469904167,15,False
7474,Clarence Square,43.64407,-79.3929,23,False
7475,Jarvis St / Richmond St E,43.652777,-79.372637,19,False
7476,Symington Ave / Dupont St,43.665538,-79.451263,15,False
7477,Antler St / Campbell Ave - SMART,43.664182,-79.449066,20,False
7478,Ellis Ave / The Queensway,43.63855,-79.46693,19,False
7479,Jane St / Bloor St W (Jane Subway Station),43.64976,-79.48477,15,False
7480,Neil McLellan Park,43.65143,-79.47779,14,False
7483,Southwood Dr / Kingston Rd - SMART,43.678685,-79.297974,12,False
7484,Briar Hill Ave / Yonge St - SMART,43.713524,-79.400162,16,False
7485,Blythwood Rd / Yonge St - SMART,43.716652,-79.399993,15,False
7486,Gerrard St E / Main St,43.684261,-79.299332,22,False
7487,Eastwood Rd / Woodbine Ave - SMART,43.676216,-79.309395,16,False
7488,Summerhill Ave / Maclennan Ave,43.685924,-79.376304,11,False
7489,Sumach St  / Queen St E,43.656638,-79.358749,19,False
7492,Cherry St / Lake Shore Blvd E,43.64827015761016,-79.35651733677065,15,False
7493,Sackville St / Eastern Ave - SMART,43.653809,-79.3595,12,False
7494,Davenport Rd / McAlpine St - SMART,43.673768,-79.391253,12,False
7496,Sunnyside Ave / The Queensway - SMART,43.6397,-79.44865,20,False
7497,128 Sterling Rd - SMART,43.654004,-79.444792,20,False
7501,Humberside Grounds - SMART,43.65917,-79.46997,20,False
7502,University Ave / College St (East),43.65995,-79.38964,16,False
7503,Gerrard St E / Malvern Ave - SMART,43.685221,-79.294766,20,False
7504,Gerrard St E / Victoria Park Ave - SMART,43.686962,-79.286864,16,False
7505,Ontario St / Adelaide St E -SMART,43.6535052,-79.3667689,20,False
7506,Berkeley St / Adelaide St E - SMART,43.653268712095425,-79.36481974767595,12,False
7508,Berkeley St / Dundas St E - SMART,43.658816,-79.367318,20,False
7514,Humber Bay Shores Park / Marine Parade Dr,43.626265,-79.476723,63,False
7515,Amos Waites Park,43.613606,-79.4883535,27,False
7516,Superior Ave / Lake Shore Blvd W,43.6146692,-79.4873148,17,False
7517,Ripley Ave / Ormskirk Ave,43.6390437,-79.4760109,23,False
7518,Lake Shore Blvd W / Colborne Lodge Dr,43.63771,-79.458173,26,False
7519,406 Oakwood Ave,43.68827060022711,-79.43937767081853,19,False
7520,St Clarens Ave / Shirley St,43.6486599,-79.4376413,15,False
7521,Emerson Ave / Bloor St W,43.658739,-79.440691,23,False
7522,Wallace Ave / Pauline Ave,43.6632257,-79.4397052,17,False
7523,Lynn Williams St / East Liberty St,43.638925,-79.4168659,15,False
7524,Lisgar Park,43.6423847,-79.4240277,35,False
7526,Bartlett Parkette,43.6702236,-79.4360232,22,False
7527,Joseph J Piccininni Community Centre,43.675648,-79.4527619,19,False
7528,Spadina Rd / Austin Terrace,43.67883,-79.408723,17,False
7529,Symington Ave / Davenport Rd,43.6704403,-79.45328549999999,15,False
7530,Sherbourne St N / Elm Ave,43.6752732,-79.3778458,22,False
7531,541 Huron St - SMART,43.670206,-79.402643,20,False
7533,Housey St / Dan Leckie Way,43.63811,-79.397877,27,False
7534,Walnut Ave / Queen St W,43.645469,-79.411084,15,False
7536,Palmerston Ave / Dundas St W,43.651603,-79.408346,23,False
7537,Euclid Ave / Herrick St - SMART,43.661559,-79.413845,16,False
7538,Vaughan Rd /Wychwood Ave,43.6882821,-79.4253856,19,False
7539,Davisville Ave / Pailton Cres,43.69933,-79.39199,19,False
7540,Alvin Ave / St. Clair Ave E,43.68871,-79.39264,19,False
7541,Bellwoods Ave / Treford Pl - SMART,43.65246,-79.413528,20,False
7542,Queen St W / John St,43.650077,-79.391291,23,False
7543,Nassau St / Bellevue Ave,43.65484215542248,-79.40351232494366,15,False
7545,Baldwin St / Henry St,43.6560758,-79.393259,15,False
7546,Ross St / Cecil St - SMART,43.6568254,-79.3966159,18,False
7547,Orde St / McCaul St,43.6580442,-79.3927404,15,False
7548,St. Joseph St / Bay St - SMART,43.6658804,-79.38761010000002,20,False
7549,439 Sherbourne St,43.666051,-79.374161,46,False
7551,The Esplanade / Hahn Pl,43.649709,-79.364184,15,False
7552,Lake Shore Blvd W / Thirty Ninth Street,43.5927419,-79.54033009999999,19,False
7553,Lake Shore Blvd W / Twenty Fourth St,43.597082,-79.522768,19,False
7554,Humber College (Lakeshore Campus),43.5961692,-79.5160575,27,False
7555,Royal York Rd / Mimico Ave,43.612063,-79.496573,20,False
7556,Windsor St / Newcastle St,43.6171635,-79.4971065,31,False
7557,The Queensway / High St,43.630874,-79.482407,23,False
7558,Berry Rd / Bell Manor Dr,43.63732,-79.489083,19,False
7559,Swansea Community Centre,43.6438036,-79.4770327,15,False
7561,Annette St / Jane St,43.658574,-79.487246,15,False
7562,Priscilla Ave / Dundas St W,43.664665,-79.489385,23,False
7563,St. Clair Ave W / Castleton Ave,43.668496,-79.485426,19,False
7564,Durie St / Dundas St W,43.665523,-79.484892,23,False
7565,St. Clair Ave W / Gunns Rd,43.672079,-79.470171,23,False
7566,Weston Rd / St. Clair Ave W,43.673019,-79.467994,19,False
7567,Weston Lions Park,43.698841,-79.519472,27,False
7568,Jameson Ave / Queen St W,43.63985,-79.43703,26,False
7569,Toronto Inukshuk Park,43.63298179738442,-79.40950821468047,87,False
7570,Carlaw Ave / Dundas St E,43.665076,-79.341509,17,False
7571,Highfield Rd / Gerrard St E,43.671771,-79.324961,19,False
7572,Cosburn Ave / Durant Ave,43.6935477,-79.3301658,15,False
7575,Bayview Ave / Lawren Harris Square,43.6548521,-79.35397680000001,15,False
7576,Front St E / Bayview Avenue,43.6535,-79.354068,23,False
7577,Oak St / Sumach St,43.6617908,-79.361515,27,False
7578,Oak St / Parliament St,43.66081,-79.366238,15,False
7579,Glebe Rd W / Yonge St,43.700775999664074,-79.39742010185242,19,False
7580,Hillsdale Ave W / Yonge St,43.7029672,-79.3979073,15,False
7581,High Park Ave / Dundas St W,43.6653032,-79.4701178,15,False
7582,Alameda Ave / Vaughan Rd - SMART,43.690903,-79.4375028,16,False
7583,Eglinton Ave W / Scarlett Rd,43.6834703,-79.5108942,23,False
7584,The Pond Rd / Sentinel Rd,43.7696262,-79.5025943,27,False
7587,Dufferin St / Finch Corridor Trail,43.77299391821548,-79.46762962248485,19,False
7588,G Ross Lord Park,43.7781116,-79.467963,19,False
7589,Torresdale Ave / Antibes Dr,43.77953,-79.45233,15,False
7590,Esther Shiner Stadium,43.7774374,-79.4447096,23,False
7591,Elwood Blvd / Avenue Rd,43.707049,-79.40966,23,False
7593,Roehampton Ave / Bayview Ave,43.711751,-79.378615,27,False
7594,Fleming Cres / Bayview Ave,43.707045,-79.375437,15,False
7595,Moore Park,43.693256,-79.383238,15,False
7596,Langford Ave / Danforth Ave - SMART,43.6800218,-79.3405681,32,False
7597,Yonge St / Golfdale Rd,43.732016,-79.403637,15,False
7598,Teddington Park Ave,43.732975,-79.40401,15,False
7599,Richmond St W / York St,43.650745,-79.383633,17,False
7600,Ursula Franklin St / Huron St - SMART,43.660274,-79.398049,20,False
7601,Brick Works,43.683884,-79.36647,25,False
7602,Woodbine Ave / O'Connor Dr,43.699281,-79.318802,19,False
7603,O'Connor Dr / Curity Ave,43.707582,-79.311439,14,False
7604,St. Columba Pl / St. Clair Ave E,43.70567,-79.310554,19,False
7605,Lumsden Ave / Eastdale Ave,43.69413548199171,-79.30058718775287,20,False
7606,Dawes Rd / Taylor Creek Trl,43.696631,-79.297436,19,False
7607,Fairmount Park,43.6765897,-79.3163022,19,False
7608,Wilket Creek Park,43.720645,-79.355474,27,False
7609,Sunnybrook Park,43.720233,-79.362092,27,False
7610,Kingston Rd / Beech Ave,43.680095,-79.291714,15,False
7611,Victoria Park Ave / Danforth Ave,43.691468,-79.288619,19,False
7612,Livingston Rd / Guildwood Pkwy,43.747854,-79.199327,19,False
7613,Livingston Rd (Highland Creek Trail),43.7561681,-79.2026694,19,False
7614,Morningside Park (Highland Creek Trail),43.779353,-79.193023,23,False
7615,Colonel Danforth Park,43.7777114,-79.1659711,19,False
7616,Waterfront Trail (Rouge Hill),43.778015,-79.131911,19,False
7617,Starspray Blvd / Lawrence Ave E,43.788525214554085,-79.1231844760227,19,False
7618,Vaughan Rd / Oakwood Ave,43.6926825,-79.441042,11,False
7619,Braemar Ave / Eglinton Ave W,43.7041957,-79.4094472,15,False
7620,Eglinton Ave E / Redpath Ave,43.7078691,-79.39248,31,False
7622,Marie Curtis Park,43.5880774,-79.5432067,23,False
7623,Royal York Rd / Lake Shore Blvd W,43.603384682309645,-79.49310512460633,19,False
7624,Guildwood GO Station (South),43.754978,-79.1971289,11,False
7625,Yonge St / Lawrence Ave E,43.72514086048914,-79.40102575396726,23,False
7626,Rouge Hill GO Station,43.7805505,-79.1301203,24,False
7627,Shaw St / Essex St - SMART,43.667076,-79.425116,15,False
7629,Lundy Ave / Étienne Brûlé Park,43.6625395,-79.5030161,15,False
7630,Twelfth St / Thirteenth St,43.6002896,-79.5108692,22,False
7631,Florence Gell Park,43.66196582326018,-79.49851065277862,15,False
7632,Chiltern Hill Rd / Eglinton Ave W,43.7004017,-79.4275305,17,False
7633,Noble St / Queen St W,43.64226917409186,-79.42920979115014,15,False
7635,Runnymede Rd / Annette St,43.6596299,-79.4799176,15,False
7636,Bloor St W / Riverside Dr,43.647663,-79.487583,23,False
7637,Judson St / Royal York Rd,43.6162721,-79.4990363,19,False
7639,135 Queens Wharf Rd - SMART,43.6399714,-79.39940399999999,16,False
7640,Spadina Rd / St. Clair Ave W,43.683979,-79.410657,15,False
7641,Annette St / Dundas St W,43.6641174,-79.4588522,15,False
7642,Yonge St / St. Clair Ave,43.68850460000001,-79.39416076812287,19,False
7643,Oriole Pkwy / Kilbarry Rd,43.6954486,-79.4026176,19,False
7644,East Lynn Ave / Danforth Ave,43.6850809,-79.3149901,15,False
7645,University of Toronto Scarborough,43.7842419,-79.1849889,16,False
7646,University Ave / Richmond St W,43.64981903446256,-79.38641270251617,15,False
7650,St. Clair West Subway Station - Heath St. W,43.686352,-79.415894,23,False
7653,Bloor St W / Indian Rd,43.65537092178271,-79.45717422945427,15,False
7654,Bloor St W / Pacific Ave,43.65412449999999,-79.4636388,7,False
7655,Danforth Ave / Dewhurst Blvd,43.680207,-79.339243,15,False
7656,Bloor St W / Brock Ave,43.6589882,-79.438715,11,False
7657,1 Market St,43.6469928,-79.3706665,20,True
7658,King's Mill Park,43.64920406876699,-79.49336334201408,27,False
7659,Amroth Ave / Danforth Ave,43.6856128,-79.31168269999999,19,False
7660,285 Victoria St,43.656633,-79.379625,39,False
7662,Beaty Ave / Queen St W,43.6393107,-79.4408141,19,False
7663,Kilgour Rd / Rumsey Rd,43.718039,-79.371914,17,False
7664,Sunnybrook Health Centre - L Wing,43.72268,-79.37644,15,False
7665,Sunnybrook Health Centre - S Wing,43.720998,-79.377456,11,False
7666,Dundas St W / St Helen's Ave - SMART,43.6504218,-79.4407647,26,False
7667,Spadina Ave / Sussex Ave ,43.66409979150254,-79.40279362757796,14,False
7668,Simcoe St / Dundas St W,43.655103,-79.389295,20,True
7671,Yonge St / Montgomery Ave - SMART,43.70960859570095,-79.39915125005619,12,False
7675,1525 Dundas St W,43.64957,-79.432446,15,False
7676,York University (Glendon Campus) - SMART,43.727365488246306,-79.3814254607724,16,False
7677,1303 Yonge St - SMART,43.6846177,-79.39245919999999,15,False
7678,York University Station (South) - SMART,43.77345,-79.5002,16,False
7679,York University Station (North),43.7741,-79.5005,15,False
7681,25 Booth Ave,43.6544839,-79.34105699999999,24,True
7682,Bathurst St / Front St W,43.64134790000001,-79.4013882,35,False
7684,Bay St / Harbour St ,43.64215,-79.377,23,False
7685,King St W / Brant St,43.645102,-79.39744979999999,22,False
7686,Lower Jarvis St / The Esplanade,43.6478206,-79.3704721,15,False
7687,Bloor St W / Gladstone Ave - SMART,43.6602021,-79.4342726,12,False
7688,High Park Blvd / Parkside Dr,43.64456431942226,-79.45737058972283,15,False
7691,Christie St / Dupont St,43.67168,-79.421192,19,False
7692,85 Lee Ave,43.6700692,-79.2971326,26,True
7693,Mutual St / Shuter St,43.654919677554936,-79.374960865926,23,False
7694,Victoria Park Ave / Dawes Rd,43.706466,-79.29511,19,False
7695,Queen St E / Joseph Duggan Rd,43.6677628,-79.30811709999999,19,False
7696,Heyworth Cres / Kingston Rd,43.6750806,-79.3068697,19,False
7698,St. Clair Ave W / Caledonia Rd,43.67566643384946,-79.45393093300397,13,False
7699,St Clair Ave W / Oakwood Ave,43.678177,-79.435364,15,False
7700,St. Clair Ave W / Robina Ave,43.68005,-79.43469,15,False
7701,Roncesvalles Ave / Fermanagh Ave,43.646314469245205,-79.44879407014527,18,False
7702,111 Broadview Ave,43.6593483,-79.34993659999999,18,True
7704,24 Mountjoy Ave,43.68049350289877,-79.33044552721375,19,False
7705,Colgate Ave / Carlaw Ave,43.6623658,-79.3413344,19,False
7706,Felstead Ave/Gillard Ave (Monarch Park),43.6791345,-79.3263159,27,False
7707,Coronation Park (Martin Goodman Trail),43.635007,-79.403341,19,False
7708,101 Cedarvale Ave,43.6868681,-79.3110942,28,True
7709,Beltline Trail / Yonge St,43.6962302,-79.39504339999999,23,False
7710,11 Spadina Rd,43.6677246,-79.4041365,18,True
7711,Havelock St / Dewson St,43.6554793,-79.4302462,15,False
7712,Queen St W / Shaw St,43.6442457,-79.41610440000001,23,False
7713,Temperance St / Bay St,43.6506,-79.381285,19,False
7715,Lumsden Ave / Cedarvale Ave,43.693187,-79.314283,11,False
7716,Church St / The Esplanade,43.6469251,-79.3733192,19,False
7717,Niagara St / Portland St,43.642453431392845,-79.39959004344777,11,False
7718,St. Andrew's Playground Park,43.646552,-79.399586,11,False
7719,Wolseley St / Augusta Ave,43.6484201,-79.40051919999999,28,False
7720,King St W / Portland St ,43.644395,-79.40065430000001,31,False
7721,Widmer St / King St W,43.6463574,-79.391206,11,False
7728,Randolph Ave / Perth Ave,43.6585504,-79.4497659,19,False
7729,265 Armadale Ave,43.6501644,-79.48296909999999,45,True
7731,Victoria Park Ave / Kingston Rd,43.68035,-79.28357,15,False
7732,Kingston Rd / Warden Ave,43.68824135931814,-79.27046628033244,15,False
7733,Pharmacy Ave / Danforth Ave,43.6929478,-79.28339980000001,15,False
7734,Danforth Ave / Warden Ave,43.6950192,-79.27180659999999,15,False
7735,Birchcliff Ave / Kingston Rd,43.691688,-79.265027,15,False
7736,Birchmount Rd / Kingston Rd,43.69401297794256,-79.26257204548136,15,False
7737,Kingston Rd / Glen Everest Rd,43.697490048103,-79.25655146462776,15,False
7738,Highview Ave / Kennedy Rd,43.702418581463505,-79.2563167072858,15,False
7739,Kingston Rd / Ridgemoor Ave,43.70643614257429,-79.25104443353288,15,False
7740,Sharpe St / Park St (Sandown Park),43.7105975,-79.2541175,15,False
7741,Howard Park Ave / Parkside Dr,43.648657,-79.458111,15,False
7742,Eglinton Ave W / Prospect Cemetery,43.69415,-79.45782580000001,19,False
7743,Eglinton Ave W / Gilbert Ave,43.69254716689966,-79.46332759272917,19,False
7744,Rogers Rd / Prospect Cemetery,43.68323,-79.455765,23,False
7745,Bert Robinson Park,43.688028,-79.460265,15,False
7746,Marlee Ave / York Beltline Trail,43.70163,-79.44099,19,False
7747,Eglinton Ave W / Ennerdale Rd,43.69469445325213,-79.45417562124922,15,False
7748,Bloor St W / Old Mill Trl,43.65016869999999,-79.4963345,19,False
7749,Wendover Rd / Bloor St W (Green P),43.6492,-79.50601999999999,15,False
7750,Luttrell Ave / Danforth Ave,43.6897656,-79.2939525,15,False
7751,Willingdon Blvd / Bloor St W (Green P),43.64817,-79.510392,15,False
7752,1926 Lake Shore Blvd W,43.6357643,-79.4674917,23,False
7753,36 Park Lawn Rd,43.62369169999999,-79.4838132,15,False
7754,Walter Saunders Park,43.699327072589426,-79.4493630391668,14,False
7755,Park Lawn Rd / Berry Rd,43.63605238134247,-79.49325238769686,15,False
7756,Tobermory Dr / Finch Corridor Trail,43.761817236772615,-79.5107049103119,19,False
7757,The Well,43.643025055165865,-79.39430137761319,19,True
7758,Driftwood Ave / Finch Corridor Trail,43.7603624,-79.5162777,15,False
7759,The Pond Rd / Shoreham Dr,43.772445,-79.511912,15,False
7760,Grand Avenue Park,43.623708,-79.490054,23,False
7761,Moss Park,43.655972,-79.370638,15,False
7762,College St / Henry St ,43.6591529,-79.3947953,13,False
7765,St. John's Rd / Dundas St W,43.66526761605873,-79.47502122887077,15,False
7766,Albany Ave / Bloor St W,43.66554144421798,-79.41010317605742,15,False
7767,Pioneer Village Subway Station,43.77649016265579,-79.5085364909097,11,False
7768,Armoury St / Chestnut St,43.65351799690878,-79.38591063795928,14,False
7769,Lake Shore Blvd W / Brow Dr,43.591410003452495,-79.54418190344097,15,False
7770,Spadina Ave / Sullivan St,43.65082785552666,-79.39698099821702,23,False
7771,St. Clair Ave W / Osler St,43.6739269797493,-79.46068479021301,11,False
7772,Simcoe St / King St W,43.647508351306186,-79.38604436555764,15,False
7773,Grenoble Dr / Gateway Blvd,43.71513211098082,-79.33413623320465,14,False
7774,Grenoble Dr / Deauville Ln,43.71649675774656,-79.33089439933623,15,False
7775,Grenoble Dr / Vendome Pl,43.715537998967406,-79.32811427663442,11,False
7776,Ferrand Dr / Rochefort Dr,43.719632535237835,-79.33199950866776,19,False
7777,Thorncliffe Park Dr / Leaside Park Trail,43.70400405297843,-79.34807015078738,15,False
7778,75 Thorncliffe Park Dr,43.70518328279426,-79.34224729962946,11,False
7779,165 McRae Dr,43.70587454662511,-79.36800595602851,15,False
7780,Mount Pleasant Rd / Davisville Ave - SMART,43.70088225686968,-79.38736016665911,16,False
7781,St. Clair Ave W / Avenue Rd ,43.68688938028234,-79.40099513147447,13,False
7782,Downsview Park Subway Station - SMART,43.753107,-79.479626,20,False
7783,60 Carl Hall Rd - SMART,43.74796393423666,-79.47521217354125,20,False
7784,Downsview Park Blvd / Keele St  - SMART,43.73673829262113,-79.48227195568086,20,False
7785,Keele St / Dovehouse Ave - SMART,43.7494501,-79.4869662,16,False
7787,HTO Park West,43.63737145931921,-79.38976958703309,31,False
7788,Queens Quay E / Lower Jarvis St ,43.64365842913001,-79.36908579410101,47,False
7789,75 Holly St,43.7063279,-79.3962499,23,True
7790,Lynn Williams St / Pirandello St ,43.639124514797004,-79.41423166721611,17,False
7791,Ossington Ave / Bruce St,43.64570236705167,-79.41933192053696,15,False
7792,Gladstone Ave / Queen St W,43.64314139337404,-79.42728015945511,15,False
7794,York St / Harbour St (Love Park),43.64101663053319,-79.38035903750381,16,False
7796,Dundas St E / River St,43.661152,-79.358505,19,False
7798,Shuter St/River St,43.659296,-79.358035,15,False
7799,Danforth Ave / Danforth Rd,43.69362206784152,-79.27710529695892,15,False
7800,Brimley Rd / McCowan District Park,43.72704086366749,-79.24391402446746,19,False
7801,Parkcrest Dr / Kingston Rd,43.73596719224253,-79.21995221481933,15,False
7802,King St W / Jameson Ave - SMART,43.63735795888104,-79.43617975886079,12,False
7803,Scarborough Soccer Centre,43.7154661,-79.2876595,19,False
7804,Lansdowne Ave / Seaforth Ave ,43.642904395956684,-79.43746059447746,11,False
7805,Pharmacy Ave / Teesdale Pl,43.697356080874876,-79.28528711019696,19,False
7806,Danforth Rd / Birchmount Rd ,43.70688,-79.26850999999999,15,False
7807,552 Birchmount Rd,43.71176278859601,-79.27028152889692,15,False
7808,Eastgate Cres / Pharmacy Ave ,43.7110442448186,-79.29127313845584,15,False
7809,Firvalley Ct / Warden Ave,43.7032112,-79.2787149,19,False
7810,Avenue Rd / Cumberland St ,43.669821695059376,-79.39444614603269,15,False
7811,Midland Ave / Kingston Rd,43.7128578,-79.2487086,19,False
7812,Bellamy Rd S / Kingston Rd,43.7323277855009,-79.22496619876934,19,False
7813,Yonge St / Merton St ,43.6962750705313,-79.39629396191867,23,False
7814,Fenwood Ht / Kingston Rd,43.72690169821676,-79.22920396582664,15,False
7815,Avenue Rd / Macpherson Ave ,43.67794376009951,-79.39836278587889,15,False
7816,Bay St / Dundas St W,43.655350778457056,-79.38345966759798,55,False
7817,Shaw St / King St W,43.6412561641921,-79.41502994047545,15,False
7818,Soudan Ave / Yonge St ,43.70430959999999,-79.3972815,19,False
7819,Avenue Rd / Oxton Ave ,43.69711160305226,-79.40537298227844,15,False
7820,1612 Danforth Ave ,43.68370788065334,-79.32262453633884,15,True
7821,Lisgar St / Queen St W - SMART,43.64299174164139,-79.42355911563249,20,False
7822,Leslie St / Commissioners St  ,43.657275497390124,-79.32661544194183,19,False
7824,Warden Subway Station,43.71161098023304,-79.28055565662231,19,False
7825,Kingston Rd / Scarborough Golf Club Rd,43.74531103700256,-79.20970650787817,14,False
7826,Greenwood Ave / Gerrard St E,43.67036917803197,-79.32782698645094,15,False
7827,Chatham Ave / Byron Ave,43.6798678328407,-79.33424613862303,15,False
7828,Wakunda Pl / O'Connor Dr,43.71602024377182,-79.3047092517501,11,False
7830,Plaxton Dr / St. Clair Ave E,43.70751755961952,-79.30252066313936,14,False
7831,Victoria Park Ave / Edge Park Ave,43.717678679534906,-79.29961580314475,19,False
7832,Finch Subway Station ,43.781877158752955,-79.41528502874928,19,False
7833,Glencairn Subway Station,43.70925763810859,-79.44169105036657,15,False
7834,Glen Long Community Centre,43.70820992643782,-79.45627808717194,15,False
7835,Caledonia Rd / Lotherton Pathway,43.70756436685646,-79.46571474966814,19,False
7836,Harvie Ave / Rogers Rd,43.68402031135697,-79.45297885330353,19,False
7837,Ling Rd / Morningside Ave,43.766663817888656,-79.18521765344238,19,False
7838,Lake Shore Blvd W / Legion Rd,43.62052630763223,-79.48320224237995,19,False
7839,Lake Shore Blvd W / Seventeenth St,43.59841926031898,-79.51561102394257,11,False
7840,Mabelle Park,43.645389479325615,-79.5276822170925,15,False
7841,Islington Subway Station (Aberfoyle Cres),43.645658591546216,-79.52339938954925,15,False
7842,Lake Shore Blvd W / Long Branch Ave,43.59445833196281,-79.53387390859834,11,False
7843,Uno Dr / The Queensway,43.62649329992186,-79.50358167641535,15,False
7844,Second St / Lake Shore Blvd W,43.60191488118503,-79.49941888654288,15,False
7845,Sixth St / Lake Shore Blvd W,43.60116229109828,-79.50416046627045,15,False
7846,Bloor St W / Dundas St W (2),43.64285244644315,-79.53199489206543,15,False
7848,Gerrard St E / Nasmith Ave ,43.66273618779861,-79.36253100740966,23,False
7849,Viewmount Park,43.70735572654095,-79.43723072209013,15,False
7850,Maud St / Adelaide St W - SMART,43.6460145694434,-79.39960497726345,16,False
7851,Keele St / Ingram Dr,43.698706949666914,-79.4756586460327,15,False
7852,York Recreation Centre,43.688153079245126,-79.48219789940566,23,False
7853,Trethewey Dr / Black Creek Dr,43.695498400279796,-79.48809394482672,15,False
7854,Jane St / Haney Ave,43.6743457123134,-79.4948437786083,19,False
7855,Scarlett Rd / Eileen Ave,43.668510906505354,-79.5007648392868,15,False
7856,Scarlett Rd / Old Scarlett Rd ,43.678276306636576,-79.50667332401198,15,False
7857,Eglinton Ave W / Venn Cres,43.69143920681119,-79.46908634795456,19,False
7858,Rogers Rd / Bicknell Ave,43.68189526215492,-79.4736382392868,23,False
7859,Mallaby Park ,43.706191092397106,-79.53262795581969,15,False
7860,Cruickshank Park,43.7023860650084,-79.52594758324148,15,False
7861,Emmett Ave,43.68735514096443,-79.50623313806341,19,False
7862,Jane St / Weston Rd,43.69144464414302,-79.50154583869246,15,False
7863,Jane St / Queens Dr,43.70673804962302,-79.50477543802873,15,False
7864,Sussex Ave / St George St,43.665304278965365,-79.39938263802871,15,False
7865,2700 Eglinton Ave W,43.69074600637147,-79.47820143344333,43,True
7866,697 Lansdowne Ave ,43.659221843735615,-79.44277410244676,23,True
7867,15 Price St ,43.6799477790745,-79.38994813684005,15,True
7868,Sheppard Ave W / Chesswood Dr,43.755583971122874,-79.47446032684479,19,False
7869,Sentinel Rd / Sheppard Ave W,43.74386580997666,-79.49181654358595,15,False
7870,Humber River Hospital ,43.72537884183677,-79.48719674218903,15,False
7871,Jane St / Lawrence Ave W,43.702340220597975,-79.50347389514123,14,False
7872,Keele St / Catford Rd,43.75919330632997,-79.49001046850891,15,False
7874,The Pond Rd / Ian Macdonald Blvd,43.77086729028769,-79.49812990660705,15,False
7875,Oakdale Community Centre,43.74751496038769,-79.5132569853195,15,False
7877,Jane St / Yorkwoods Gt,43.7503016975738,-79.51577557434386,15,False
7878,Weston Rd / Sheppard Ave W,43.73262849415089,-79.5381993243286,15,False
7880,Lindylou Rd / Lanyard Rd,43.74845421407306,-79.5504039969242,15,False
7883,Wynford Heights Cres / Concorde Pl,43.72749778259739,-79.32714222209015,11,False
7884,Bartley Park ,43.72211166436462,-79.30864830919265,15,False
7885,Brooklawn Ave / Kingston Rd,43.721761400691236,-79.2359137196434,11,False
7888,The Kingsway / Ashley Rd,43.66279594478841,-79.51959827976225,15,False
7889,Dundas St W / Prince Edward Dr N,43.660324268765464,-79.51154350422973,19,False
7890,60 Broadway Ave,43.71024429599603,-79.39578744603273,23,False
7891,Opposite 1103 Leslie St,43.72093164598881,-79.34989416350709,19,False
7892,Erskine Ave / Redpath Ave,43.712154792369496,-79.39425906322937,15,False
7893,Overlea Blvd / Thorncliffe Park Dr,43.707555968595464,-79.34272024477463,19,False
7894,Millwood Rd / Southvale Dr,43.70241717215276,-79.36175932936095,15,False
7895,Keele St / Lloyd Ave,43.67115532642577,-79.46701597756929,15,False
7896,Arlington Parkette,43.69105005197055,-79.43281746494293,15,False
7897,50 Overlea Blvd,43.707225,-79.345324,15,False
7898,University Ave / Gerrard St W - SMART(South),43.65748153286412,-79.38921396018827,16,False
7899,Queens Park Cres / College St ,43.66018127636866,-79.39083271520538,23,False
7900,Simcoe St / Elm St,43.656038841714505,-79.38970387738495,10,False
7901,Bloor St W / Kingsmill Rd,43.64927890131737,-79.50312995581972,11,False
7902,Gunns Rd / Lavender Creek Trail,43.675531973168354,-79.47199740066374,15,False
7903,St. Clair Ave W / Symes Rd,43.670042134416704,-79.4789424818056,15,False
7904,Palmerston Blvd / Lennox St,43.66335070995886,-79.41312798316125,11,False
7906,Princess St / Front St E,43.650297574961044,-79.36648460341635,14,False
7907,365 Lippincott St,43.6649482,-79.40947,41,True
7909,E.T Seton Park - South ,43.70503461857136,-79.33547292037659,23,False
7910,Eglinton Ave E / Brentcliffe Rd,43.714305793017544,-79.36089045040129,15,False
7911,King St W / York St (2),43.647968822765,-79.38316961352653,19,False
7912,Joe Shuster Way / King St W ,43.64039672322004,-79.4237424131447,19,False
7913,St. George St / Willcocks St,43.662452744495575,-79.3978384219513,35,False
7914,York St / Wellington St W (2),43.647043061824,-79.38314120681535,27,False
7915,Rogers Rd / Watt Ave,43.68233679999999,-79.4680594,15,False
7916,University Ave / Pearl St ,43.64836809385241,-79.3853510232788,19,False
7917,King St W / University Ave,43.64781808540915,-79.38427999073791,35,False
7918,Albion Rd/ Arcot Blvd,43.727621709316395,-79.55254902939286,15,False
7919,Armel Ct / Albion Rd,43.721532966873205,-79.5455834809678,19,False
7920,75 Tandridge Cres,43.729578273586064,-79.54699793872719,15,False
7922,35 Erindale Ave,43.67729,-79.35741,23,True
7923,Trethewey Dr / Jane St,43.697417070558615,-79.50079830912324,19,False
7924,Duncan St / Adelaide St W - SMART,43.64813057569729,-79.38858106137695,12,False
7925,Niagara St / King St W - SMART,43.64281323408372,-79.40751415588915,24,False
7926,McRae Dr / Laird Dr - SMART,43.70979296822595,-79.36389214460489,24,False
7927,Strachan Ave / East Liberty St - SMART,43.63906470236988,-79.41080996164456,24,False
7928,Simcoe St / Pullan Pl,43.65105290412541,-79.38764943227872,79,False
7929,Spadina Ave / Bulwer St- SMART ,43.649354475273796,-79.39675713332855,12,False
7930,Dunn Ave / Queen St W,43.639522754211804,-79.43395976815727,15,False
7931,Symes Rd / Glen Scarlett Rd - SMART,43.673391524931525,-79.47798367814572,16,False
7932,Boston Ave / Queen St E- SMART,43.661601650964336,-79.33894582857273,12,False
7933,Elizabeth St / Elm St,43.6570908165693,-79.38593668834272,23,False
7934,19 Glendora Ave,43.75921143833388,-79.40960364801701,11,True
7935,Ramsden Park,43.676184561302776,-79.38962496400146,15,False
7936,Adelaide St W / Bay St (South),43.65011637593798,-79.37953068860327,15,False
7937,Adelaide St W / Yonge St,43.65038002325664,-79.3787277120385,19,False
7938,Portland St / Wellington St W,43.64290167152932,-79.39937033134326,15,False
7939,Princes' Gates,43.63467323676012,-79.40897321886649,17,False
7940,Lillian St / Soudan Ave - SMART,43.70607287248461,-79.39356161653288,32,False
7941,Hanna Ave / Snooker St,43.639547,-79.420022,15,False
7942,Hillsdale Ave E / Mount Pleasant Rd,43.70512126615395,-79.3890271081274,15,False
7943,OCAD University,43.65231552304792,-79.39091185000235,23,False
7944,Harbord St / Grace St (Bickford Park),43.65995363518053,-79.41787388888551,23,False
7945,Front St W / Spadina Ave,43.64235480340359,-79.39519751877137,31,False
7946,Richmond St W / Bathurst St,43.64666748425228,-79.40299591349182,15,False
7947,Niagara St / Queen St W ,43.64572868466845,-79.40990680181771,11,False
7948,Bathurst St / Housey St,43.63781903961206,-79.40013176752855,23,False
7949,Thompson St / Carroll St,43.65907064983235,-79.35240134225845,15,False
7950,Crawford St / Lobb Ave,43.64654941401018,-79.41558900317995,23,False
7951,Fort York Blvd / Grand Magazine St,43.63758782904466,-79.40314232209015,19,False
7952,Adelaide St W / York St ,43.6491919790139,-79.38363237427446,19,False
7953,Church St / Shuter St,43.65505698168995,-79.37651024603271,14,False
7954,Adelaide St E / Parliament St,43.65378337432506,-79.36335973372954,23,False
7955,Wellesley St E / Jarvis St,43.6662047,-79.37901219999999,23,False
7956,Benshire Dr / The Meadoway,43.76174092019504,-79.24473961415558,11,False
7957,Brimley Rd / Lawrence Ave E ,43.75404854399297,-79.2553167552948,19,False
7958,Centennial College (Ashtonbee Campus),43.73003601845614,-79.2920036521843,19,False
7959,Bellamy Rd N / The Meadoway,43.76507271818177,-79.23835381614684,15,False
7960,Markham Rd / The Meadoway ,43.77121894873629,-79.22956526983644,19,False
7961,Ellesmere Rd / Markham Rd,43.77682938751077,-79.2305003612381,15,False
7962,Slan Ave / Scarborough Golf Club Rd,43.77327261711258,-79.21971485277862,15,False
7963,Cedar Dr / Eglinton Ave E,43.744208202155754,-79.21564636613158,11,False
7964,Kennedy Rd/Ranstone Gdns (Jack Goodlad Park),43.74190570940633,-79.27181887640458,15,False
7965,Eglinton Ave E / Brimley Rd,43.736952572933866,-79.24798367249146,19,False
7966,Albany Ave / Dupont St,43.67348899977229,-79.41339520555726,15,False
7967,Gordonridge Pl / Danforth Rd,43.72729077290258,-79.25237907196654,15,False
7968,McCowan Rd / Trudelle St,43.74033901575211,-79.23935319629516,19,False
7969,Bayview Ave / Finch Recreational Trail,43.789068698639504,-79.39315096004944,19,False
7970,Willowdale Ave / Bishop Ave ,43.78387252467251,-79.40786809814757,19,False
7971,Talbot Rd / Finch Hydro Corridor,43.78225298110634,-79.42367062831116,15,False
7972,Eglinton Ave E / Mason Rd ,43.742037440522616,-79.22488680080262,11,False
7973,Lawrence Ave E / Don Mills Trail,43.73458185912293,-79.35485399272919,19,False
7974,Kempford Blvd / Yonge St,43.776857235099826,-79.4151161430729,19,False
7975,Empress Ave / Yonge St,43.769395456625546,-79.41266521769707,19,False
7976,Yonge St / Sheppard Ave E,43.76128605777495,-79.41071644205269,19,False
7977,Leslie Subway Station,43.77037892370793,-79.36702734195678,15,False
7978,Yonge St / North York Blvd,43.76726589934926,-79.41263489814757,23,False
7979,Bond Ave / Don Mills Trail,43.74475834253035,-79.35348069940567,19,False
7981,Duncan Mill Rd / Valleybrook Dr,43.76167125342455,-79.35258302698364,15,False
7982,Finch Ave W / Wilmington Ave,43.77060244428048,-79.45997589178772,19,False
7983,York Mills Rd / Lesmill Rd,43.7549215557014,-79.35174838465576,14,False
7984,Lake Shore Blvd W / Bathurst St,43.63675592256874,-79.39920538954927,23,False
7985,Hawksbury Dr / Sheppard Ave E ,43.76816239444779,-79.38312075158996,15,False
7986,Sheppard Ave E / Leslie St,43.77114830031903,-79.36381166455688,19,False
7987,Shaughnessy Blvd / Sheppard Ave E,43.77351462694018,-79.35306224113921,15,False
7988,Brahms Ave / Finch Ave E,43.79236326442992,-79.35836318028717,19,False
7989,Don Mills Rd / Fairview Mall Dr,43.77888550790407,-79.34837169762268,15,False
7990,Don Mills Rd / Goodview Rd,43.78541420920414,-79.35368206868876,11,False
7991,Kingston Rd / Markham Rd,43.73878438927323,-79.21746485700835,15,False
7992,Fairglen Cres / Weston Rd,43.70876747477083,-79.53445192394257,11,False
7993,Wells St / Brunswick Ave,43.67105163758377,-79.40904755211488,15,False
7994,Eglinton Ave E / Victoria Park Ave,43.72486103230542,-79.30351306295167,11,False
7995,Eglinton Ave W / Oakwood Ave,43.69705023028765,-79.4437599043325,15,False
7996,Scarborough GO Station,43.7170472128686,-79.25461030789113,23,True
7997,3220 Bloor St W,43.646186757495194,-79.51762536747455,39,True
7998,Eglinton West Subway Station,43.69867103968614,-79.43680738560357,19,False
7999,Lawrence Ave W / Marlee Ave,43.715552692740914,-79.4461544565374,15,False
8000,16 Riverview Gardens ,43.64883712159794,-79.48675294250663,31,True
8001,Union Station (North) - SMART,43.645649620032444,-79.38116314068574,24,False
8002,Grantbrook St / Finch Hydro Corridor Trail,43.780468305361154,-79.43280415488479,15,False
8003,Tecumseth St / Tecumseth Pl,43.642697996199985,-79.4049993694586,11,False
8004,21 Pleasant Blvd (1),43.687211810315254,-79.39269591804246,11,True
8005,21 Pleasant Blvd (2),43.687204264115415,-79.39269726524513,11,True
8006,803 Richmond St W,43.644381896942434,-79.4108533793123,23,True
8007,385 Pacific Ave,43.6651094724602,-79.46833581423087,0,True
8008,Brookdale Ave / Yonge St,43.72991999271573,-79.40372719797139,16,False
8009,1 Shortt St,43.69592993313034,-79.45190139609524,39,True
8010,Finch Ave W / Bathurst St,43.77356135731388,-79.44404830910908,19,False
8011,33 Queen St E,43.6523196075425,-79.37684857674785,31,True
8012,Cherry St / Polson St,43.643320932767004,-79.35120948518066,19,True
8013,Logan Ave / Eastern Ave - SMART,43.657925501075496,-79.34143486929416,12,False
8014,Wellington St W / Blue Jays Way,43.64473387070102,-79.39168963262681,23,False
8015,Spadina Ave / Dundas St W - SMART,43.652352301216055,-79.39801617693556,12,False
8016,Queens Quay E / Freeland St,43.64249948081925,-79.37285779318468,23,False
8017,Pharmacy Ave / Eglinton Ave E ,43.72534466992445,-79.2976874085289,15,False
8018,Saulter St / Queen St E - SMART,43.65897697159562,-79.34715316627046,16,False
8020,Euclid Ave / Queen St W - SMART,43.64656806400965,-79.4076868902591,9,False
8021,Torresdale Ave / Finch Ave W,43.77245563489829,-79.45102085413427,19,False
8022,Sunrise Ave / Victoria Park Ave,43.71940912890232,-79.30226117096939,11,False
8023,Shaw St / College St,43.6551193,-79.4201454,11,False
8025,Front St E / Scott St (2),43.6476241415141,-79.37552498892019,11,False
8026,Jack Layton Ferry Terminal,43.64103161936887,-79.37670442726134,23,False
8027,Hanlan's Point Ferry Dock,43.6278286673252,-79.38962156604123,39,False
8028,Ward's Island Ferry Dock,43.62967431593075,-79.35603447900908,27,False
8029,Hanlan's Point Beach,43.61904360581232,-79.39068832406288,47,False
8030,Centre Island Ferry Dock,43.622020652213855,-79.37888203400495,35,False
8031,Ancaster Rd / Spalding Rd,43.73359486358252,-79.46651489022999,15,False
8032,Roding St / Nash Dr,43.72885964584396,-79.49202997658232,15,False
8033,Ridge Rd / Wilson Ave ,43.723786959308256,-79.49416269814759,19,False
8034,Exbury Rd / Jane St,43.729522486553826,-79.5101425092621,15,False
8035,Dubray Ave / Wilson Ave,43.728617628977695,-79.47800122943039,19,False
8036,Jane St / Sheppard Ave W,43.73901341370186,-79.51286317927207,19,False
8037,Bathurst St / Sheppard Ave W,43.7551762288098,-79.43812182651081,15,False
8038,Finch Ave E / Upper Don Recreational Trail ,43.78893788312306,-79.37488868750592,11,False
8039,Ruddington Dr / Finch Recreational Trail,43.789781888844246,-79.38988621716194,19,False
8040,Old Cummer GO Station,43.79442338280241,-79.36925879507179,23,False
8041,Wilmington Ave / Kennard Ave,43.76115848103729,-79.4560000049282,11,False
8042,Fairview Mall Dr / Fairview Mall Dr E,43.77967215439899,-79.3429500491085,19,False
8043,Birchmount Rd / The Meadoway,43.73893212110537,-79.28118032582971,15,False
8044,Scarborough Village Park,43.74715113437855,-79.21450235913849,11,False
8045,Prudential Dr / Midland Ave,43.74956621257908,-79.26572190926208,15,False
8046,Markham Rd / Cougar Crt,43.744988965771036,-79.21944366329879,11,False
8047,Lawrence Ave E / Overture Rd,43.76564053924766,-79.19961493121338,11,False
8048,Morningside Ave / Kingston Rd,43.769079266710015,-79.18711363068849,15,False
8049,YZD,43.7368015,-79.4687878,19,False
8050,Wilson Ave / Transit Rd (TTC Subway Station),43.733458993753736,-79.45338806896149,23,False
8051,Homewood Ave / Wellesley St E - SMART,43.666978011780685,-79.37594518686855,11,False
8052,Warden Ave / The Meadoway,43.735547813563755,-79.2905190837737,11,False
8053,Galloway Rd / Kingston Rd ,43.76247244509665,-79.19469250674761,17,False
8054,Sheppard Ave E / Brian Dr,43.7751833232896,-79.33044338101735,19,False
8055,Sheppard Ave E / Willowdale Ave ,43.76411174298419,-79.39833699652739,11,False
8056,Parkway Forest Dr / Forest Manor Rd (North),43.77470557954765,-79.34275329457512,19,False
8057,Parkway Forest Dr / Forest Manor Rd (South),43.769529687223894,-79.34338171403495,19,False
8058,Maxome Ave / Finch Hydro Corridor,43.78611619378111,-79.40039054088744,19,False
8059,Ionview Rd / Eglinton Ave E,43.73170279350989,-79.27149201786922,11,False
8060,Gilder Dr / Midland Ave,43.7365986,-79.2578451,15,False
8061,Stansbury Cr / Midland Ave,43.742513527508905,-79.26124310383767,11,False
8062,Bay St / King St W,43.64837534148549,-79.3799828091115,23,False
8063,Maida Vale Park,43.73310396818645,-79.27702819926358,11,False
8064,Kennedy Rd / Bertrand Ave,43.73746176713744,-79.26995937672586,11,False
8065,Brockley Dr / Lawrence Ave E,43.752354851176584,-79.26279658857231,11,False
8066,Danforth Rd / Savarin St,43.74307247062562,-79.24531812219966,15,False
8070,Centre Island,43.61851569484422,-79.3730330079146,31,False
8073,Finch Ave E / Midland Ave,43.80356565011367,-79.28669605472409,14,False
8074,Huntingwood Dr / Midland Ave,43.79690348659038,-79.28376281529815,11,False
8075,Marine Parade Dr / Humber Bay Shores Park Trl,43.626461825093834,-79.47675102302073,19,False
8076,Warden Ave / Huntingwood Dr,43.78571682234873,-79.31081039604902,11,False
8077,Silver Springs Blvd / Birchmount Rd,43.800737007917,-79.30671242148874,11,False
8078,Victoria Park Ave / Patrick Blvd ,43.7777592874974,-79.32390892420574,15,False
8079,Aurora Ct / Bridletowne Cir,43.79283961726625,-79.31685173498637,11,False
8080,Bay Mills Blvd / Birchmount Ave,43.78342986112393,-79.29955890113074,15,False
8081,Bridlewood Park,43.78402991418279,-79.31629774014742,11,False
8082,Village Green Square,43.77826306735535,-79.28174956176564,15,False
8083,Eastview Park,43.759071409320356,-79.18945281711036,11,False
8084,Grenville St / Yonge St ,43.662029346625715,-79.38360958402289,14,False
8085,Lawrence Ave W / Bathurst St,43.71901032217961,-79.43009089116728,11,False
8086,Lawrence Ave W / Dufferin St,43.714317848363905,-79.45414485709222,15,False
8087,Front St E / Cooperage St,43.65296378015573,-79.35711048354281,19,False
8088,Lawrence Ave W / Renfield St,43.70402998554811,-79.4988335075738,11,False
8089,Lawrence Ave W / Pine St,43.70177452503352,-79.50850451132469,15,False
8090,Church St / Cypress St,43.706385752681484,-79.51671697675717,15,False
8091,Rockcliffe Blvd / Alliance Ave,43.67651939727437,-79.48942027086547,11,False
8092,Jane St / Woolner Ave (Woolner Park),43.67119618326082,-79.49337217955949,15,False
8093,Jane St / Spenvalley Dr,43.740937072210514,-79.51338882645875,15,False
8094,Baycrest Ave / Bathurst St,43.72966526118746,-79.4324727837474,19,False
8095,Weston Rd / Gaydon Ave,43.720581848570575,-79.53729089399313,11,False
8096,Commissioners St / Bouchette St,43.65026890973696,-79.34072579882069,20,False
8099,Jane St / Milo Park Gt,43.76610505781775,-79.51987577480911,11,False
8101,Pape Ave / Hopedale Ave,43.69651434782748,-79.35001867455148,15,False
8102,Sheppard Ave W / Magellan Dr,43.73973760710352,-79.50986836326231,15,False
8104,Toronto Public Library - Agincourt,43.785521175652185,-79.29353421246093,15,False
8105,Kennedy Rd / Finch Recreational Trail,43.8104818757924,-79.30130778609832,15,False
8106,Memorial Park Ave / Kimbourne Ave ,43.69089523584503,-79.33452042883253,11,False
8107,Pitfield Rd / McCowan Rd,43.787452441118305,-79.25768393212577,15,False
8108,Agincourt Recreation Centre,43.78809358412675,-79.2763071018949,15,False
8109,Brimley Rd / E Highland Creek Trail,43.79692798263339,-79.27287064947943,11,False
8110,Midland Ave / Finch Recreational Trail,43.812642480301804,-79.29119588067526,15,False
8111,Brimwood Blvd / North Scarborough Green Loop,43.81173535662744,-79.27828762810728,11,False
8112,Bernadine St / Brimley Rd,43.76852698845291,-79.26050105123433,11,False
8113,Leslie Lookout Park,43.65392406360629,-79.32435874788511,23,False
8114,Dulverton Rd / Birchmount Rd,43.748506992042074,-79.28465703552484,11,False
8115,Lawrence Ave E / Burnview Cres,43.75649500418185,-79.2404361110925,11,False
8117,Valparaiso Ave / Lawrence Ave E,43.75496828707341,-79.24674141852182,15,False
8119,Thistletown Community Centre,43.73532955204532,-79.56176488600637,11,False
8120,Albion Rd / Kipling Ave (Albion Arena),43.73988873921296,-79.58264019846865,11,False
8122, Silverstone Dr / Stevenson Rd ,43.74471689392311,-79.58816609716355,15,False
8123,Martin Grove Rd / Lexington Ave,43.74448185287679,-79.59565568532118,11,False
8125,John Garland Blvd / Jamestown Cres,43.7323610923901,-79.5866111181751,15,False
8128,Queen’s Plate Dr / Rexdale Blvd,43.719562027836545,-79.60346425086402,11,False
8129,Don Mills Rd / Barber Greene Rd,43.72728197307125,-79.34098463425687,11,False
8130,Gateway Blvd (South) / Don Mills Rd,43.70998509187834,-79.33389898527636,11,False
8131,Rochefort Dr / Don Mills Rd,43.71800535395266,-79.33740368053896,11,False
8133,Aga Khan Museum and Park (Wynford Dr),43.72571668907797,-79.33296483679571,15,False
8134,Eglinton Ave E / Sloane Ave,43.72617147922369,-79.31308996409402,11,False
8137,95 Beecroft Rd,43.76384867039627,-79.41393612096745,31,True
8138,Scarborough Town Centre,43.773745972544056,-79.25521611970132,23,False
8139,Knob Hill Park,43.7439055200841,-79.25119821735181,11,False
8141,Brimley Rd / Brimorton Dr,43.76552300893413,-79.25948526995919,11,False
8142,Kitchener Rd / Kingston Rd,43.76675330423266,-79.18970074932972,11,False
8144,James Gardens,43.670884247284015,-79.51381165484777,11,False
8147,Widmer St / Adelaide St W (South),43.64729988133681,-79.39131309705574,8,False
8148,Simcoe St / Wellington St W (North) 2,43.64624614286341,-79.38548851901436,4,False
8149,Danforth Rd / St Clair Ave E,43.717162385558574,-79.25956718831114,11,False
8150,Birchmount Rd / Eglinton Ave E,43.72932260399524,-79.27798753256445,11,False
8151,Corvette Ave / Kennedy Rd,43.725446237972726,-79.26476852179107,11,False
8152,Surrey Pl / Dr. Emily Stowe Way - SMART,43.661042840168236,-79.38796630132087,16,False
8153,Neilson Rd / Ellesmere Rd,43.78234921092259,-79.2047336995471,19,False
8154,Mornelle Ct / Ellesmere Rd,43.78528,-79.195423,11,False
8155,Ellesmere Rd / Scarborough Golf Club Rd ,43.77881462058817,-79.22174099253999,15,False
8156,Scarborough Golf Club Rd / Lawrence Ave E ,43.76118061398553,-79.21603818763963,11,False
8157,Confederation Dr / Greencrest Cr,43.75779584940286,-79.22294337682595,15,False
8158,Livonia Pl / Neilson Rd,43.785550120556366,-79.20591707832195,11,False
8159,Lawrence Ave E / Orton Park Rd,43.76383904974962,-79.20559912616176,15,False
8160,Lawrence Ave E / Mossbank Dr,43.76270616161094,-79.2109974581985,15,False
8161,Victoria Park Ave / The Meadoway,43.729021982297084,-79.30424284705222,15,False
8162,Dan Leckie Way / Fort York Blvd,43.63920233699084,-79.39776922113043,27,False
8163,Strachan Ave / Ordnance St,43.63917310056043,-79.4105682457256,23,False
8164,Keelegate Dr / Keele St,43.73310385263487,-79.48330471638467,19,False
8165,Ranee Ave / Flemington Rd (North),43.72349197485778,-79.44824247361579,11,False
8166,Lawrence East Station,43.74966205290483,-79.27192193930078,11,False
8167,Woburn Ave / Avenue Rd,43.72545280998933,-79.41648817539286,15,False
8168,Portland St / Front St W,43.641634085638955,-79.3987894305286,11,False
8169,William Cragg Dr / Jane St,43.72254631047244,-79.50861414468879,15,False
8170,Munition St / Commissioners St,43.64652927223706,-79.35032977085585,15,False
8171, Grafton Ave / Roncesvalles Ave,43.639598669893616,-79.44621279276677,23,False
8172,Silverthorn Ave / Pryor Ave,43.67485699930531,-79.46019152027287,23,False
8173,St. Clair Ave W / Poplar Plains Rd,43.68600191952118,-79.40395327728031,11,False
8174,Wellington St E / Church St,43.64864454643048,-79.37419421546784,19,False
8175,Simcoe St / Wellington St W (North) 3,43.646226683295296,-79.38553477700628,23,False
8176,9 Willingdon Blvd,43.64834720075349,-79.51003768899298,39,True
8177,Linkwood Ln / Spanbridge Rd,43.7125731080812,-79.32449549150107,11,False
8178,Agincourt GO Station,43.78605668943663,-79.28503072723657,23,False
8179,McCowan Rd / Brimorton Dr,43.765737540515055,-79.24922926555814,11,False
8180,Osler Playground (Argyle St),43.64640117586531,-79.42195180747304,15,False
8181,Cherry St / Commissioners St,43.64483932280588,-79.35330371862767,31,False
8182,Biidaasige Park (11 Munition St),43.64621864215001,-79.3500485188435,23,False
8183,Dufferin St / King St W ,43.6391706,-79.4272676,23,False
8184,Antibes Dr / Bathurst St,43.78133435761008,-79.44592470500392,15,False
8185,Laird Crosstown Station,43.71362626097812,-79.36373329276721,11,False
8187,Glen Rd / Bloor St,43.67208795610631,-79.37490138634823,15,True
8188,16 John St,43.70133600868564,-79.51748388371117,23,True
8189,25 St. Mary St ,43.66756931923832,-79.38749409709389,15,False
8190,1651 Queen St E,43.66669198937586,-79.31437376868756,27,False
8191,1141 Eastern Ave,43.665673582957965,-79.31439299262264,23,True
8193,7 Norton Ave,43.678447025558754,-79.4435206024222,27,True
8194,125 Burnaby Blvd,43.7044000151485,-79.4121238869451,23,True
8196,737 Rhodes Ave,43.68278848714901,-79.32448180823623,19,True
8197,10 Kingsdale Ave,43.770480011641,-79.41237750881618,31,True
8198,100 Grangeway Ave ,43.775225388885474,-79.24994292036793,39,True
8199,7 Bartlett Ave,43.660919101372016,-79.4329477668115,23,True
8200,14 Fuller Ave,43.640651590737,-79.43948578399291,23,True
8201,Falmouth Ave / Eglinton Ave E,43.735217,-79.252903,11,False
8202,Corporate Dr / Lee Centre Dr,43.781009,-79.245315,19,False
8203,Greenbrae Parkette,43.760466,-79.22981,11,False
8204,Cedarbrae Mall,43.756854,-79.229425,11,False
8205,Markham Rd / Blakemanor Blvd,43.750777,-79.221929,15,False
8206,Richmond St E / Yonge St (2),43.65185,-79.378675,17,False
8207,45 Trudelle St,43.739541,-79.242943,8,False
8208,Surrey Ave / Victoria Park Ave,43.736392,-79.307179,11,False
8209,Brimley Rd / Dorcot Ave,43.759282,-79.257143,14,False
8210,Brimorton Dr / Orton Park Rd,43.771483,-79.209087,11,False
8211,Guildwood Pkwy / Kingston Rd,43.749521,-79.205383,11,False
8212,9 Emerson Ave,43.659363,-79.440758,25,True
8213,Yonge St / College St,43.66086,-79.38298,17,False
8214,Lansdowne Ave / Dupont St,43.666364,-79.446404,11,False
8215,Dundas St W / McCaul St,43.654501,-79.390868,17,False
8216,Davenport Rd / Dovercourt Rd,43.674139,-79.435611,14,False
8217,Lawrence Ave E / Don Mills Rd ,43.736889,-79.344278,14,False
8218,Bessarion Rd / Sheppard Ave E,43.76871888265407,-79.376777001695,11,False
8219,Kennedy Station,43.73247551087058,-79.26598673158625,19,False
8220,Heron Park Community Centre,43.768848570994756,-79.17571035393466,11,False
8221,Ling Rd / Lawrence Ave E,43.76891198976495,-79.18287811987008,11,False
8224,439 Wellington St W,43.64346671199668,-79.39673989325408,19,False
8225,Ellesmere Rd / Highland Creek Trail,43.780934365003716,-79.21293395482314,11,False
8226,O'Connor Dr / Dohme Ave,43.71035274393168,-79.30935797004291,15,False
8227,Keele St / Ewart Ave,43.686644232677544,-79.47341272645575,11,False
8228,Centre Island Beach,43.61514239375064,-79.37632791355173,39,False
8229,Hanlan's Point Beach (Entrance 5),43.61569890857279,-79.38920546846151,35,False
8230,Aitken Place Park,43.64476743239936,-79.36228409257174,39,False
8232,Fort York Blvd/ Iannuzzi St,43.6382,-79.401824,23,False
8233,St. Andrew Subway Station,43.647955,-79.385149,7,False
8234,Mount Dennis Station,43.687908,-79.485265,19,False
8235,Dupont St / Ossington Ave,43.670277,-79.428262,15,False
8236,Rolling Mill Rd / Front St E,43.652882,-79.355632,15,False
8237,King St E / Victoria St (2),43.64943,-79.3765,23,False
8238,Rosewell Ave / Cheritan Ave,43.720249,-79.411029,15,False
8239,Playfair Ave / Dufferin St,43.710831,-79.45427,11,False
8240,Castlefield Ave / Roselawn Ave,43.70044,-79.449651,15,False
8241,Kingsley Ave / Perth Ave,43.668154,-79.453814,15,False
8242,Leslie St / Eglinton Ave E,43.71746,-79.349925,19,False
